{"cameraMode":{"drawMode":0,"name":"Shaded","section":"Shading Mode"},"sceneLighting":false,"audioPlay":false,"sceneViewState":{"showFog":true,"showMaterialUpdate":false,"showSkybox":true,"showFlares":true,"showImageEffects":true,"showParticleSystems":true},"in2DMode":false,"pivot":{"x":15.599292755126954,"y":-13.088608741760254,"z":4.265888214111328},"rotation":{"x":0.10546962916851044,"y":0.8106560707092285,"z":-0.15406504273414613,"w":0.5549567341804504},"size":4.041658401489258,"orthographic":false}